{
  "Imarti": 0.0,
  "Sevai": 0.0,
  "Petha": 0.022727272727272728,
  "Keri no ras": 0.022727272727272728,
  "Chicken Tikka masala": 0.037037037037037035,
  "Chikki": 0.05,
  "Avial": 0.058823529411764705,
  "Double ka meetha": 0.06666666666666667,
  "Sheer korma": 0.06666666666666667,
  "Makki di roti sarson da saag": 0.07151979565772669,
  "Bhakri": 0.09090909090909091,
  "Singori": 0.1,
  "Bora Sawul": 0.1111111111111111,
  "Anarsa": 0.1125,
  "Paravannam": 0.11666666666666667,
  "Kulfi falooda": 0.12272727272727274,
  "Sev tameta": 0.12387669801462906,
  "Palathalikalu": 0.12916666666666665,
  "Poornalu": 0.14090909090909093,
  "Ariselu": 0.1525,
  "Laapsi": 0.1611111111111111,
  "Kakinada khaja": 0.16558441558441558,
  "Puttu": 0.16558441558441558,
  "Hando Guri": 0.16666666666666666,
  "Kaju katli": 0.17383838383838385,
  "Keerai sadam": 0.17777777777777776,
  "Mushroom matar": 0.17989417989417988,
  "Kalakand": 0.1893939393939394,
  "Chevdo": 0.1893939393939394,
  "Pesarattu": 0.2,
  "Undhiyu": 0.2,
  "Kajjikaya": 0.21250000000000002,
  "Modak": 0.21250000000000002,
  "Misti doi": 0.21666666666666667,
  "Chhena jalebi": 0.2293939393939394,
  "Ledikeni": 0.2293939393939394,
  "Pantua": 0.2293939393939394,
  "Malapua": 0.24000000000000002,
  "Upma": 0.24694265166881801,
  "Chhena poda": 0.25,
  "Gheela Pitha": 0.25,
  "Masor Koni": 0.25,
  "Keerai poriyal": 0.25396825396825395,
  "Chhena kheeri": 0.25606060606060604,
  "Pithe": 0.2625,
  "Tandoori Chicken": 0.28703703703703703,
  "Khichu": 0.29626623376623373,
  "Misi roti": 0.30000000000000004,
  "Rasgulla": 0.3005050505050505,
  "Chicken Varuval": 0.30114942528735633,
  "Aloo gobi": 0.30203703703703705,
  "Gud papdi": 0.30396825396825394,
  "Ghooghra": 0.30952380952380953,
  "Cheera Doi": 0.30952380952380953,
  "Boondi": 0.3127272727272727,
  "Laddu": 0.3127272727272727,
  "Jeera Aloo": 0.325,
  "Kuzhi paniyaram": 0.3333333333333333,
  "Chak Hao Kheer": 0.3433621933621933,
  "Mahim halwa": 0.356060606060606,
  "Dahi vada": 0.36203703703703705,
  "Phirni": 0.36558441558441557,
  "Aloo tikki": 0.3673941798941799,
  "Naan": 0.3678571428571429,
  "Sohan halwa": 0.3733333333333333,
  "Sukhdi": 0.37777777777777777,
  "Maach Jhol": 0.392816091954023,
  "Kansar": 0.39285714285714285,
  "Mag Dhokli": 0.39285714285714285,
  "Sutar feni": 0.396060606060606,
  "Bombil fry": 0.4,
  "Sandesh": 0.40050505050505053,
  "Idiappam": 0.40535714285714286,
  "Lilva Kachori": 0.40948275862068967,
  "Daal Dhokli": 0.4095238095238095,
  "Ras malai": 0.41666666666666663,
  "Dharwad pedha": 0.41666666666666663,
  "Sattu ki roti": 0.41666666666666663,
  "Pindi chana": 0.43333333333333335,
  "Gavvalu": 0.4347510822510823,
  "Pootharekulu": 0.4358333333333333,
  "Pav Bhaji": 0.45,
  "Kadai paneer": 0.4537037037037037,
  "Goja": 0.45396825396825397,
  "Shankarpali": 0.45666666666666667,
  "Rasam": 0.4761111111111111,
  "Kumol Sawul": 0.47619047619047616,
  "Pongal": 0.4828571428571428,
  "Adhirasam": 0.48583333333333334,
  "Poha": 0.49,
  "Sohan papdi": 0.49050505050505044,
  "Rasabali": 0.5,
  "Qubani ka meetha": 0.5,
  "Pani puri": 0.5,
  "Dum aloo": 0.5132275132275133,
  "Basundi": 0.5166666666666666,
  "Rongi": 0.5166666666666667,
  "Kheer": 0.5227272727272727,
  "Kothamali sadam": 0.523065953654189,
  "Currivepillai sadam ": 0.5306417112299465,
  "Kombdi vade": 0.5324346405228758,
  "Chicken Tikka": 0.5333333333333333,
  "Papadum": 0.5333333333333333,
  "Kabiraji": 0.5344827586206896,
  "Lassi": 0.5393939393939393,
  "Sandige": 0.54,
  "Daal baati churma": 0.5428571428571429,
  "Unni Appam": 0.5458333333333333,
  "Gajar ka halwa": 0.546060606060606,
  "Bhindi masala": 0.5465608465608465,
  "Rabri": 0.556060606060606,
  "Mihidana": 0.5627272727272727,
  "Payasam": 0.5655844155844155,
  "Mushroom do pyaza": 0.5715197956577266,
  "Saath": 0.575,
  "Khorisa": 0.5761494252873564,
  "Beef Fry": 0.577037037037037,
  "Papad": 0.5833333333333333,
  "Bebinca": 0.5873015873015872,
  "Red Rice": 0.5928571428571429,
  "Lauki ke kofte": 0.5955938697318007,
  "Palak paneer": 0.5965608465608465,
  "Vada": 0.5994827586206897,
  "Haq Maas": 0.6,
  "Khichdi": 0.6106732348111659,
  "Bandar laddu": 0.6127272727272728,
  "Chingri malai curry": 0.617816091954023,
  "Namakpara": 0.6285714285714286,
  "Payokh": 0.6338383838383839,
  "Sheera": 0.6399999999999999,
  "Chapati": 0.6428571428571428,
  "Dosa": 0.6497326203208555,
  "Kuzhambu": 0.6654901960784314,
  "Pork Bharta": 0.6666666666666666,
  "Halvasan": 0.6666666666666666,
  "Luchi": 0.6666666666666666,
  "Til Pitha": 0.6666666666666666,
  "Paneer butter masala": 0.6798941798941798,
  "Amti": 0.6844444444444444,
  "Chicken razala": 0.6909090909090909,
  "Uttapam": 0.6925897631779985,
  "Thepla": 0.7,
  "Black rice": 0.7,
  "Brown Rice": 0.7,
  "Litti chokha": 0.7095238095238094,
  "Kheer sagar": 0.7338383838383837,
  "Shrikhand": 0.7338383838383837,
  "Mishti Chholar Dal": 0.7420585161964472,
  "Khakhra": 0.7428571428571429,
  "Cham cham": 0.7477272727272727,
  "Dhondas": 0.75,
  "Tandoori Fish Tikka": 0.75,
  "Kanji": 0.75,
  "Panjeeri": 0.7666666666666666,
  "Rajma chaval": 0.767816091954023,
  "Kadhi pakoda": 0.7689272030651341,
  "Surnoli": 0.7761904761904761,
  "Gatta curry": 0.7777777777777777,
  "Karela bharta": 0.7833333333333333,
  "Khar": 0.7833333333333334,
  "Galho": 0.7857142857142857,
  "Keerai masiyal": 0.7988383838383839,
  "Paniyaram": 0.8006732348111658,
  "Attu": 0.8011494252873563,
  "Lauki ki subji": 0.8048531289910601,
  "Pachadi": 0.8177777777777777,
  "Khandvi": 0.8177777777777778,
  "Kolim Jawla": 0.8178160919540229,
  "Chana masala": 0.8215197956577267,
  "Daal puri": 0.8273809523809523,
  "Poriyal": 0.8330659536541889,
  "Lyangcha": 0.8333333333333333,
  "Biryani": 0.8333333333333333,
  "Copra paak": 0.8333333333333333,
  "Shukto": 0.8333333333333333,
  "Dudhi halwa": 0.8338383838383838,
  "Bajri no rotlo": 0.8428571428571427,
  "Farsi Puri": 0.8444444444444443,
  "Bilahi Maas": 0.8465608465608466,
  "Doodhpak": 0.856060606060606,
  "Khaman": 0.8686868686868687,
  "Sabudana Khichadi": 0.8733333333333333,
  "Koldil Chicken": 0.875,
  "Mysore pak": 0.8793939393939394,
  "Puri Bhaji": 0.8833062880324544,
  "Shahi paneer": 0.8881864623243932,
  "Thalipeeth": 0.890909090909091,
  "Veg Kolhapuri": 0.8916666666666666,
  "Kaara kozhambu": 0.8999999999999999,
  "Obbattu holige": 0.9011111111111112,
  "Vegetable jalfrezi": 0.90485312899106,
  "Paratha": 0.9107142857142857,
  "Chorafali": 0.9107142857142857,
  "Samosa": 0.9381864623243934,
  "Kootu": 0.9413992869875223,
  "Bisi bele bath": 0.9588235294117647,
  "Handwo": 0.9588235294117647,
  "Dal makhani ": 0.9625272331154684,
  "Kachori": 0.9632275132275132,
  "Balu shahi": 0.9727272727272727,
  "Koshambri": 0.9745238095238095,
  "Zunka": 0.975,
  "Koshimbir": 0.976190476190476,
  "Mawa Bati": 0.976190476190476,
  "Thayir sadam": 0.9772605363984674,
  "Dal tadka": 0.9881864623243932,
  "Paneer tikka masala": 0.9999999999999999,
  "Shahi tukra": 1.0,
  "Kutchi dabeli": 1.0,
  "Pani Pitha": 1.0,
  "Shufta": 1.0,
  "Fara": 1.0075757575757576,
  "Aloo shimla mirch": 1.0132275132275133,
  "Vindaloo": 1.017816091954023,
  "Kuzhakkattai": 1.026190476190476,
  "Aloo matar": 1.02985312899106,
  "Puli sadam": 1.0316666666666667,
  "Pakhala": 1.04,
  "Pinaca": 1.0428571428571427,
  "Prawn malai curry": 1.081060606060606,
  "Kos kootu": 1.082857142857143,
  "Alu Pitika": 1.0833333333333333,
  "Dalithoy": 1.1011111111111112,
  "Keerai kootu": 1.1016806722689076,
  "Paruppu sadam": 1.14,
  "Turiya Patra Vatana sabji": 1.1417748917748916,
  "Kofta": 1.162037037037037,
  "Chakali": 1.1625,
  "Muthiya": 1.1837662337662336,
  "Churma Ladoo": 1.1909090909090911,
  "Theeyal": 1.2,
  "Nankhatai": 1.2066666666666666,
  "Koldil Duck": 1.2069444444444444,
  "Masor tenga": 1.226190476190476,
  "Masala Dosa": 1.2330659536541888,
  "Bengena Pitika": 1.2337662337662336,
  "Chole bhature": 1.287037037037037,
  "Sev khamani": 1.2916666666666665,